{
	"groups": [
		{
			"keys": "random_8791_EN_png,Po_icons_json",
			"name": "Standard_7164_en"
		},
		{
			"keys": "random_8791_ES_png,Po_icons_json",
			"name": "Standard_7164_es"
		},
		{
			"keys": "random_8791_PT_png,Po_icons_json",
			"name": "Standard_7164_pt"
		}
	],
	"resources": [
		{
			"url": "random_8791_EN.png",
			"type": "image",
			"name": "random_8791_EN_png"
		},
		{
			"url": "random_8791_PT.png",
			"type": "image",
			"name": "random_8791_PT_png"
		},
		{
			"url": "random_8791_ES.png",
			"type": "image",
			"name": "random_8791_ES_png"
		},
		{
			"url": "Po_icons.json",
			"type": "sheet",
			"name": "Po_icons_json",
			"subkeys": "coin,dinero"
		}
	]
}