{"mc":{
	"light_2":{
		"frameRate":24,
		"events":[
			
			],
		"frames":[
			
			{
			"res":"E9C36944",
			"x":1,
			"y":7,
			"duration":4
			},
			{
			"res":"9DD288F1",
			"x":-1,
			"y":7
			},
			{
			"res":"E340206D",
			"x":-1,
			"y":7,
			"duration":5
			}
			]
},"movingArrow":{
		"frameRate":24,
		"events":[
			
			],
		"frames":[
			
			{
			"res":"4ED7D6A3",
			"x":-102,
			"y":-55
			},
			{
			"res":"B4C5E313",
			"x":-93,
			"y":-55
			},
			{
			"res":"FC998B0",
			"x":-84,
			"y":-54
			},
			{
			"res":"387B0D26",
			"x":-83,
			"y":-55
			},
			{
			"res":"BD3AB776",
			"x":-95,
			"y":-56
			},
			{
			"res":"CAA26C87",
			"x":-101,
			"y":-55
			},
			{
			"res":"331D8DC3",
			"x":-113,
			"y":-55
			},
			{
			"res":"BC2C253F",
			"x":-126,
			"y":-55
			},
			{
			"res":"766E6F1E",
			"x":-131,
			"y":-55
			},
			{
			"res":"CADC1606",
			"x":-137,
			"y":-55
			},
			{
			"res":"142C3317",
			"x":-125,
			"y":-55
			},
			{
			"res":"E67D50E1",
			"x":-114,
			"y":-55
			},
			{
			"res":"F246A42C",
			"x":-114,
			"y":-55
			},
			{
			"res":"30DD1264",
			"x":-115,
			"y":-55
			},
			{
			"res":"2D78A030",
			"x":-112,
			"y":-55
			},
			{
			"res":"A6D8FA13",
			"x":-110,
			"y":-55
			},
			{
			"res":"190B27B2",
			"x":-107,
			"y":-55
			},
			{
			"res":"87FEC2E",
			"x":-105,
			"y":-55
			},
			{
			"res":"4ED7D6A3",
			"x":-102,
			"y":-55
			}
			]
}},
	"res":{
		"87FEC2E":{"x":659,"y":344,"w":98,"h":106},
		"B4C5E313":{"x":761,"y":216,"w":90,"h":107},
		"E67D50E1":{"x":798,"y":108,"w":88,"h":106},
		"BD3AB776":{"x":940,"y":216,"w":79,"h":106},
		"387B0D26":{"x":888,"y":108,"w":81,"h":106},
		"CAA26C87":{"x":856,"y":324,"w":77,"h":106},
		"A6D8FA13":{"x":557,"y":344,"w":100,"h":106},
		"142C3317":{"x":702,"y":108,"w":94,"h":106},
		"CADC1606":{"x":352,"y":236,"w":101,"h":106},
		"190B27B2":{"x":557,"y":236,"w":100,"h":106},
		"FC998B0":{"x":853,"y":216,"w":85,"h":106},
		"E9C36944":{"x":352,"y":0,"w":348,"h":234},
		"331D8DC3":{"x":702,"y":0,"w":89,"h":106},
		"2D78A030":{"x":659,"y":236,"w":100,"h":106},
		"766E6F1E":{"x":455,"y":236,"w":100,"h":106},
		"30DD1264":{"x":455,"y":344,"w":100,"h":106},
		"BC2C253F":{"x":352,"y":344,"w":101,"h":106},
		"F246A42C":{"x":856,"y":0,"w":94,"h":106},
		"4ED7D6A3":{"x":759,"y":344,"w":95,"h":106},
		"9DD288F1":{"x":0,"y":0,"w":350,"h":243},
		"E340206D":{"x":0,"y":245,"w":350,"h":243}
	}}