{
	"groups": [
		{
			"keys": "defaultNewBank_json,coins_json,coins_png,bank_light_json,bank_light_png",
			"name": "defaulNewBank"
		}
	],
	"resources": [
		{
			"url": "bank_light.json",
			"type": "json",
			"name": "bank_light_json"
		},
		{
			"url": "bank_light.png",
			"type": "image",
			"name": "bank_light_png"
		},
		{
			"url": "coins.json",
			"type": "json",
			"name": "coins_json"
		},
		{
			"url": "coins.png",
			"type": "image",
			"name": "coins_png"
		},
		{
			"url": "defaultNewBank.json",
			"type": "sheet",
			"name": "defaultNewBank_json",
			"subkeys": "b,bg_patch_price,bg_patch_reg,buy_btn_en,buy_btn_es,buy_btn_pt,close_btn,coins01,coins02,coins03,coins04,coins05,coins06,collect_btn,collect_btn_bg,db_xp,dr_image,en_head,es_head,layer_bg,left_bar,light1,light2,pt_head,secure"
		}
	]
}