{"mc":{
	"light":{
		"frameRate":24,
		"events":[
			
			],
		"frames":[
			
			{
			"res":"19B5298F",
			"x":239,
			"y":327
			},
			{
			"res":"FF1FCAD1",
			"x":239,
			"y":327
			},
			{
			"res":"D4CD9FB9",
			"x":247,
			"y":327
			},
			{
			"res":"DBE7B172",
			"x":247,
			"y":327
			},
			{
			"res":"B36D0F31",
			"x":247,
			"y":327
			},
			{
			"res":"AE0386CE",
			"x":258,
			"y":322
			},
			{
			"res":"CE676F1C",
			"x":258,
			"y":322
			},
			{
			"res":"754B988F",
			"x":258,
			"y":310
			},
			{
			"res":"83CAF2E2",
			"x":266,
			"y":285
			},
			{
			"res":"3B6D8729",
			"x":274,
			"y":283
			},
			{
			"res":"AAE57662",
			"x":281,
			"y":282
			},
			{
			"res":"B13712F7",
			"x":287,
			"y":282
			},
			{
			"res":"8118547C",
			"x":301,
			"y":282
			},
			{
			"res":"C51ACF47",
			"x":304,
			"y":282
			},
			{
			"res":"75EB6C85",
			"x":319,
			"y":282
			},
			{
			"res":"A38198A6",
			"x":321,
			"y":282
			},
			{
			"res":"F492BA05",
			"x":328,
			"y":282
			},
			{
			"res":"CC7D803A",
			"x":324,
			"y":282
			},
			{
			"res":"EEB868E1",
			"x":322,
			"y":283
			},
			{
			"res":"84FA7BC6",
			"x":322,
			"y":278
			},
			{
			"res":"FBE364E6",
			"x":323,
			"y":278
			},
			{
			"res":"6D51D8E8",
			"x":326,
			"y":278
			},
			{
			"res":"BCCC1807",
			"x":347,
			"y":278
			},
			{
			"res":"5E714F0E",
			"x":377,
			"y":278
			},
			{
			"res":"B8507A0",
			"x":383,
			"y":279
			},
			{
			"res":"BDC472C8",
			"x":404,
			"y":291
			},
			{
			"res":"58AE588C",
			"x":407,
			"y":291
			},
			{
			"res":"B98CE981",
			"x":417,
			"y":307
			},
			{
			"res":"F9624646",
			"x":430,
			"y":321
			},
			{
			"res":"1F383881",
			"x":430,
			"y":327
			},
			{
			"res":"3EF76E2F",
			"x":442,
			"y":327
			},
			{
			"res":"2704B263",
			"x":442,
			"y":327
			},
			{
			"res":"54B4E13E",
			"x":442,
			"y":327
			},
			{
			"res":"D0534F3C",
			"x":442,
			"y":327
			},
			{
			"res":"B9CE7408",
			"x":442,
			"y":327
			},
			{
			"res":"AEA0E6A",
			"x":442,
			"y":327
			},
			{
			"res":"C25754F2",
			"x":443,
			"y":327
			},
			{
			"res":"91A0C875",
			"x":442,
			"y":327
			},
			{
			"res":"159BE8EC",
			"x":442,
			"y":327
			},
			{
			"res":"5F3DA5A8",
			"x":457,
			"y":327
			},
			{
			"res":"9A72DBFC",
			"x":458,
			"y":327
			},
			{
			"res":"44C978D6",
			"x":458,
			"y":327
			},
			{
			"res":"64843483",
			"x":455,
			"y":327
			},
			{
			"res":"41C04E26",
			"x":441,
			"y":327
			},
			{
			"res":"39CAFF00",
			"x":425,
			"y":327
			},
			{
			"res":"55FF8077",
			"x":403,
			"y":327
			},
			{
			"res":"96802545",
			"x":386,
			"y":327
			},
			{
			"res":"3CEC0022",
			"x":380,
			"y":327
			},
			{
			"res":"468535A4",
			"x":360,
			"y":327
			},
			{
			"res":"E02F1D1",
			"x":358,
			"y":327
			},
			{
			"res":"EE2F4E62",
			"x":349,
			"y":327
			},
			{
			"res":"5FB09D7C",
			"x":347,
			"y":327
			},
			{
			"res":"8816DFC8",
			"x":341,
			"y":327
			},
			{
			"res":"6615304",
			"x":337,
			"y":327
			},
			{
			"res":"C9454A1D",
			"x":334,
			"y":327
			},
			{
			"res":"E47FB5FC",
			"x":330,
			"y":327
			},
			{
			"res":"644B15F2",
			"x":321,
			"y":327
			},
			{
			"res":"91E5A134",
			"x":310,
			"y":327
			},
			{
			"res":"12881B4B",
			"x":294,
			"y":327
			},
			{
			"res":"42F5988F",
			"x":284,
			"y":327
			},
			{
			"res":"ECAE5889",
			"x":274,
			"y":327
			},
			{
			"res":"67F68F74",
			"x":268,
			"y":327
			},
			{
			"res":"FA315C5",
			"x":260,
			"y":327
			},
			{
			"res":"81FCE894",
			"x":248,
			"y":327
			},
			{
			"res":"D8613E39",
			"x":244,
			"y":327
			},
			{
			"res":"C1BA7267",
			"x":240,
			"y":327
			},
			{
			"res":"56B23CCB",
			"x":240,
			"y":327
			},
			{
			"res":"7D9F919F",
			"x":239,
			"y":327
			},
			{
			"res":"64F3FC76",
			"x":239,
			"y":327
			},
			{
			"res":"A19EC04",
			"x":239,
			"y":327
			},
			{
			"res":"5129AD99",
			"x":239,
			"y":327
			},
			{
			"res":"7728ACA3",
			"x":239,
			"y":327
			},
			{
			"res":"4576571F",
			"x":239,
			"y":327
			}
			]
}},
	"res":{
		"6615304":{"x":323,"y":737,"w":154,"h":218},
		"64843483":{"x":953,"y":1,"w":43,"h":206},
		"96802545":{"x":917,"y":392,"w":105,"h":217},
		"42F5988F":{"x":1,"y":209,"w":207,"h":216},
		"D0534F3C":{"x":342,"y":1667,"w":73,"h":134},
		"81FCE894":{"x":1,"y":1,"w":243,"h":206},
		"C9454A1D":{"x":164,"y":733,"w":157,"h":218},
		"754B988F":{"x":255,"y":1187,"w":233,"h":100},
		"FA315C5":{"x":720,"y":1,"w":231,"h":206},
		"468535A4":{"x":885,"y":832,"w":131,"h":217},
		"FF1FCAD1":{"x":1,"y":1179,"w":252,"h":96},
		"12881B4B":{"x":718,"y":392,"w":197,"h":218},
		"54B4E13E":{"x":680,"y":1684,"w":73,"h":128},
		"FBE364E6":{"x":553,"y":1482,"w":168,"h":110},
		"C51ACF47":{"x":193,"y":1397,"w":187,"h":106},
		"84FA7BC6":{"x":382,"y":1464,"w":169,"h":110},
		"8816DFC8":{"x":733,"y":832,"w":150,"h":218},
		"67F68F74":{"x":495,"y":1,"w":223,"h":214},
		"9A72DBFC":{"x":973,"y":209,"w":42,"h":173},
		"1F383881":{"x":567,"y":1685,"w":85,"h":104},
		"5F3DA5A8":{"x":221,"y":1707,"w":43,"h":162},
		"83CAF2E2":{"x":545,"y":1052,"w":225,"h":125},
		"7D9F919F":{"x":210,"y":415,"w":252,"h":167},
		"A19EC04":{"x":464,"y":580,"w":252,"h":155},
		"19B5298F":{"x":1,"y":1080,"w":252,"h":97},
		"F492BA05":{"x":515,"y":1594,"w":163,"h":89},
		"159BE8EC":{"x":942,"y":1707,"w":58,"h":148},
		"AAE57662":{"x":1,"y":1277,"w":210,"h":106},
		"91E5A134":{"x":1,"y":427,"w":181,"h":218},
		"B98CE981":{"x":755,"y":1684,"w":93,"h":100},
		"F9624646":{"x":567,"y":1791,"w":85,"h":88},
		"CE676F1C":{"x":665,"y":1389,"w":233,"h":91},
		"5FB09D7C":{"x":255,"y":957,"w":144,"h":218},
		"58AE588C":{"x":60,"y":1600,"w":95,"h":108},
		"3CEC0022":{"x":772,"y":1174,"w":111,"h":213},
		"EE2F4E62":{"x":401,"y":967,"w":142,"h":218},
		"644B15F2":{"x":718,"y":612,"w":170,"h":218},
		"ECAE5889":{"x":246,"y":197,"w":217,"h":216},
		"91A0C875":{"x":60,"y":1710,"w":58,"h":143},
		"5129AD99":{"x":184,"y":584,"w":252,"h":147},
		"BDC472C8":{"x":850,"y":1707,"w":90,"h":97},
		"AE0386CE":{"x":479,"y":737,"w":233,"h":92},
		"A38198A6":{"x":723,"y":1593,"w":170,"h":89},
		"C25754F2":{"x":157,"y":1707,"w":62,"h":141},
		"B36D0F31":{"x":419,"y":1375,"w":244,"h":87},
		"5E714F0E":{"x":895,"y":1612,"w":114,"h":93},
		"55FF8077":{"x":900,"y":1174,"w":92,"h":217},
		"C1BA7267":{"x":720,"y":209,"w":251,"h":181},
		"6D51D8E8":{"x":723,"y":1482,"w":165,"h":109},
		"B13712F7":{"x":213,"y":1289,"w":204,"h":106},
		"4576571F":{"x":1,"y":953,"w":252,"h":125},
		"3EF76E2F":{"x":755,"y":1786,"w":73,"h":107},
		"DBE7B172":{"x":490,"y":1284,"w":244,"h":89},
		"2704B263":{"x":492,"y":1685,"w":73,"h":127},
		"D4CD9FB9":{"x":490,"y":1187,"w":244,"h":95},
		"AEA0E6A":{"x":417,"y":1667,"w":73,"h":133},
		"D8613E39":{"x":246,"y":1,"w":247,"h":194},
		"39CAFF00":{"x":900,"y":1393,"w":70,"h":217},
		"CC7D803A":{"x":172,"y":1505,"w":167,"h":106},
		"41C04E26":{"x":1,"y":1600,"w":57,"h":217},
		"7728ACA3":{"x":479,"y":832,"w":252,"h":133},
		"B9CE7408":{"x":267,"y":1667,"w":73,"h":135},
		"3B6D8729":{"x":772,"y":1052,"w":217,"h":120},
		"8118547C":{"x":1,"y":1385,"w":190,"h":106},
		"E02F1D1":{"x":890,"y":612,"w":133,"h":218},
		"B8507A0":{"x":157,"y":1613,"w":108,"h":92},
		"56B23CCB":{"x":465,"y":217,"w":251,"h":175},
		"75EB6C85":{"x":341,"y":1576,"w":172,"h":89},
		"E47FB5FC":{"x":1,"y":647,"w":161,"h":218},
		"64F3FC76":{"x":464,"y":415,"w":252,"h":163},
		"44C978D6":{"x":972,"y":1393,"w":42,"h":193},
		"EEB868E1":{"x":1,"y":1493,"w":169,"h":105},
		"BCCC1807":{"x":1,"y":867,"w":144,"h":80}
	}}