{"mc":{
	"coins":{
		"frameRate":24,
		"events":[
			
			],
		"frames":[
			
			{
			"res":"42A3FC7A",
			"x":382,
			"y":206
			},
			{
			"res":"54D6C6BE",
			"x":371,
			"y":202,
			"duration":2
			},
			{
			"res":"C12B96EC",
			"x":378,
			"y":201,
			"duration":2
			},
			{
			"res":"34398261",
			"x":384,
			"y":201,
			"duration":2
			},
			{
			"res":"DEE2BE88",
			"x":401,
			"y":202,
			"duration":2
			},
			{
			"res":"66E08B65",
			"x":389,
			"y":201,
			"duration":2
			},
			{
			"res":"9BE14BCB",
			"x":377,
			"y":200,
			"duration":2
			},
			{
			"res":"11371997",
			"x":377,
			"y":201
			},
			{
			"res":"54D6C6BE",
			"x":371,
			"y":202,
			"duration":2
			},
			{
			"res":"C12B96EC",
			"x":378,
			"y":201,
			"duration":2
			},
			{
			"res":"34398261",
			"x":384,
			"y":201,
			"duration":2
			},
			{
			"res":"DEE2BE88",
			"x":401,
			"y":202,
			"duration":2
			},
			{
			"res":"9AAD249B",
			"x":389,
			"y":201
			},
			{
			"res":"26F534E1",
			"x":363,
			"y":190
			},
			{
			"res":"24D5D710",
			"x":368,
			"y":195
			},
			{
			"res":"54843720",
			"x":374,
			"y":199
			},
			{
			"res":"8F238AC6",
			"x":377,
			"y":201
			},
			{
			"res":"5CCA6FB8",
			"x":379,
			"y":204
			},
			{
			"res":"F60D215D",
			"x":378,
			"y":204
			},
			{
			"res":"323F3D68",
			"x":378,
			"y":203
			},
			{
			"res":"65BCC1FE",
			"x":377,
			"y":203
			},
			{
			"res":"718AF9A",
			"x":377,
			"y":202
			},
			{
			"res":"EB2A3585",
			"x":377,
			"y":202
			},
			{
			"res":"330AAC3B",
			"x":377,
			"y":202
			},
			{
			"res":"228B4EE2",
			"x":377,
			"y":202
			},
			{
			"res":"AD4565BC",
			"x":377,
			"y":202
			},
			{
			"res":"F72503F3",
			"x":377,
			"y":202
			},
			{
			"res":"FBEFCA80",
			"x":377,
			"y":202
			},
			{
			"res":"B55CAF51",
			"x":377,
			"y":202
			},
			{
			"res":"E2EFF571",
			"x":377,
			"y":202
			},
			{
			"res":"2AD47C8D",
			"x":377,
			"y":202
			},
			{
			"res":"D66A8E00",
			"x":377,
			"y":202
			},
			{
			"res":"6E3A9A11",
			"x":377,
			"y":202
			},
			{
			"res":"4EE65A20",
			"x":377,
			"y":202
			},
			{
			"res":"5CA4BF5",
			"x":377,
			"y":202
			},
			{
			"res":"D5F84AB9",
			"x":377,
			"y":202
			},
			{
			"res":"D635762B",
			"x":377,
			"y":202
			},
			{
			"res":"AC7CAB5E",
			"x":378,
			"y":203
			},
			{
			"res":"D2585B71",
			"x":378,
			"y":203
			},
			{
			"res":"3D9DAAC6",
			"x":378,
			"y":204
			},
			{
			"res":"869D86B",
			"x":379,
			"y":204
			},
			{
			"res":"C1EBFDFE",
			"x":379,
			"y":204
			},
			{
			"res":"EA7FC1FE",
			"x":379,
			"y":205
			},
			{
			"res":"978E9E10",
			"x":380,
			"y":205
			},
			{
			"res":"A98E521A",
			"x":379,
			"y":204
			},
			{
			"res":"869D86B",
			"x":379,
			"y":204
			},
			{
			"res":"ED07109A",
			"x":378,
			"y":203
			},
			{
			"res":"78CE1929",
			"x":378,
			"y":203
			},
			{
			"res":"CF07CFA1",
			"x":377,
			"y":202
			},
			{
			"res":"1D101823",
			"x":377,
			"y":202
			},
			{
			"res":"5494EF22",
			"x":377,
			"y":202
			},
			{
			"res":"7AD48A54",
			"x":377,
			"y":203
			},
			{
			"res":"14F59A93",
			"x":378,
			"y":203
			},
			{
			"res":"ED07109A",
			"x":378,
			"y":203
			},
			{
			"res":"8F8FFC09",
			"x":378,
			"y":204
			},
			{
			"res":"A5D1C16F",
			"x":379,
			"y":204
			},
			{
			"res":"2E8460AE",
			"x":379,
			"y":205
			},
			{
			"res":"978E9E10",
			"x":380,
			"y":205
			},
			{
			"res":"7493FB19",
			"x":379,
			"y":205
			},
			{
			"res":"E08A7B42",
			"x":379,
			"y":204
			},
			{
			"res":"CA0DF208",
			"x":378,
			"y":204
			},
			{
			"res":"2EAFA093",
			"x":378,
			"y":203
			},
			{
			"res":"BC1C3B69",
			"x":377,
			"y":203
			},
			{
			"res":"E4A2D37D",
			"x":377,
			"y":202
			},
			{
			"res":"1D101823",
			"x":377,
			"y":202
			},
			{
			"res":"84C57904",
			"x":377,
			"y":202
			},
			{
			"res":"BC1C3B69",
			"x":377,
			"y":203
			},
			{
			"res":"2EAFA093",
			"x":378,
			"y":203
			},
			{
			"res":"CA0DF208",
			"x":378,
			"y":204
			},
			{
			"res":"E08A7B42",
			"x":379,
			"y":204
			},
			{
			"res":"7493FB19",
			"x":379,
			"y":205
			},
			{
			"res":"978E9E10",
			"x":380,
			"y":205
			},
			{
			"res":"7E393E5B",
			"x":379,
			"y":205
			},
			{
			"res":"A98E521A",
			"x":379,
			"y":204
			},
			{
			"res":"A5D1C16F",
			"x":379,
			"y":204
			},
			{
			"res":"8341A151",
			"x":379,
			"y":204
			},
			{
			"res":"8AB79167",
			"x":378,
			"y":204
			},
			{
			"res":"3BCBF07C",
			"x":378,
			"y":203
			},
			{
			"res":"500E2515",
			"x":378,
			"y":204
			},
			{
			"res":"8341A151",
			"x":379,
			"y":204
			},
			{
			"res":"A5D1C16F",
			"x":379,
			"y":204
			},
			{
			"res":"A98E521A",
			"x":379,
			"y":204
			},
			{
			"res":"70464E72",
			"x":379,
			"y":205
			},
			{
			"res":"978E9E10",
			"x":380,
			"y":205
			},
			{
			"res":"A98E521A",
			"x":379,
			"y":204
			},
			{
			"res":"869D86B",
			"x":379,
			"y":204
			},
			{
			"res":"ED07109A",
			"x":378,
			"y":203
			},
			{
			"res":"78CE1929",
			"x":378,
			"y":203
			},
			{
			"res":"CF07CFA1",
			"x":377,
			"y":202
			},
			{
			"res":"54D6C6BE",
			"x":371,
			"y":202
			}
			]
}},
	"res":{
		"54843720":{"x":337,"y":1,"w":99,"h":102},
		"34398261":{"x":650,"y":574,"w":74,"h":103},
		"11371997":{"x":536,"y":1,"w":96,"h":105},
		"7E393E5B":{"x":185,"y":490,"w":89,"h":89},
		"718AF9A":{"x":237,"y":108,"w":93,"h":95},
		"A98E521A":{"x":686,"y":481,"w":89,"h":91},
		"5494EF22":{"x":522,"y":205,"w":93,"h":95},
		"5CCA6FB8":{"x":777,"y":481,"w":89,"h":91},
		"E08A7B42":{"x":94,"y":402,"w":89,"h":91},
		"9BE14BCB":{"x":727,"y":1,"w":88,"h":101},
		"BC1C3B69":{"x":906,"y":292,"w":92,"h":93},
		"330AAC3B":{"x":124,"y":113,"w":93,"h":95},
		"70464E72":{"x":92,"y":495,"w":89,"h":89},
		"500E2515":{"x":803,"y":388,"w":91,"h":91},
		"2AD47C8D":{"x":729,"y":195,"w":93,"h":95},
		"DEE2BE88":{"x":957,"y":573,"w":42,"h":101},
		"24D5D710":{"x":124,"y":1,"w":111,"h":110},
		"EA7FC1FE":{"x":372,"y":490,"w":89,"h":89},
		"8F8FFC09":{"x":284,"y":394,"w":90,"h":91},
		"2EAFA093":{"x":191,"y":302,"w":91,"h":93},
		"869D86B":{"x":468,"y":397,"w":89,"h":91},
		"D2585B71":{"x":500,"y":302,"w":91,"h":93},
		"A5D1C16F":{"x":896,"y":480,"w":89,"h":91},
		"4EE65A20":{"x":817,"y":1,"w":93,"h":95},
		"F72503F3":{"x":912,"y":1,"w":93,"h":95},
		"C1EBFDFE":{"x":559,"y":486,"w":89,"h":91},
		"D5F84AB9":{"x":817,"y":98,"w":93,"h":95},
		"65BCC1FE":{"x":717,"y":292,"w":93,"h":93},
		"FBEFCA80":{"x":912,"y":98,"w":93,"h":95},
		"78CE1929":{"x":407,"y":302,"w":91,"h":93},
		"F60D215D":{"x":376,"y":397,"w":90,"h":91},
		"5CA4BF5":{"x":634,"y":104,"w":93,"h":95},
		"AC7CAB5E":{"x":617,"y":298,"w":91,"h":93},
		"9AAD249B":{"x":726,"y":574,"w":72,"h":104},
		"EB2A3585":{"x":337,"y":105,"w":93,"h":95},
		"3D9DAAC6":{"x":189,"y":397,"w":90,"h":91},
		"C12B96EC":{"x":634,"y":1,"w":91,"h":100},
		"E2EFF571":{"x":432,"y":108,"w":93,"h":95},
		"7493FB19":{"x":281,"y":487,"w":89,"h":89},
		"978E9E10":{"x":868,"y":573,"w":87,"h":89},
		"6E3A9A11":{"x":527,"y":108,"w":93,"h":95},
		"54D6C6BE":{"x":237,"y":1,"w":98,"h":105},
		"8AB79167":{"x":593,"y":393,"w":91,"h":91},
		"AD4565BC":{"x":1,"y":123,"w":93,"h":95},
		"8F238AC6":{"x":438,"y":1,"w":96,"h":105},
		"CA0DF208":{"x":906,"y":387,"w":91,"h":91},
		"14F59A93":{"x":1,"y":315,"w":91,"h":93},
		"1D101823":{"x":824,"y":195,"w":93,"h":95},
		"D635762B":{"x":812,"y":292,"w":92,"h":94},
		"66E08B65":{"x":276,"y":578,"w":72,"h":104},
		"8341A151":{"x":1,"y":410,"w":89,"h":91},
		"2E8460AE":{"x":463,"y":490,"w":89,"h":89},
		"84C57904":{"x":919,"y":195,"w":93,"h":95},
		"3BCBF07C":{"x":710,"y":387,"w":91,"h":92},
		"E4A2D37D":{"x":622,"y":201,"w":93,"h":95},
		"228B4EE2":{"x":332,"y":202,"w":93,"h":95},
		"B55CAF51":{"x":219,"y":205,"w":93,"h":95},
		"323F3D68":{"x":314,"y":299,"w":91,"h":93},
		"7AD48A54":{"x":1,"y":220,"w":93,"h":93},
		"D66A8E00":{"x":427,"y":205,"w":93,"h":95},
		"26F534E1":{"x":1,"y":1,"w":121,"h":120},
		"42A3FC7A":{"x":1,"y":503,"w":88,"h":88},
		"ED07109A":{"x":96,"y":307,"w":91,"h":93},
		"CF07CFA1":{"x":96,"y":210,"w":93,"h":95}
	}}