{"file":"defaultNewBank.png","frames":{
"buy_btn_en":{"x":864,"y":587,"w":74,"h":49,"offX":0,"offY":0,"sourceW":74,"sourceH":49},
"buy_btn_pt":{"x":948,"y":550,"w":72,"h":47,"offX":0,"offY":0,"sourceW":74,"sourceH":49},
"buy_btn_es":{"x":948,"y":550,"w":72,"h":47,"offX":0,"offY":0,"sourceW":74,"sourceH":49},
"b":{"x":1,"y":574,"w":337,"h":218,"offX":0,"offY":0,"sourceW":337,"sourceH":218},
"bg_patch_price":{"x":780,"y":647,"w":82,"h":32,"offX":0,"offY":0,"sourceW":82,"sourceH":32},
"bg_patch_reg":{"x":1,"y":883,"w":432,"h":67,"offX":0,"offY":0,"sourceW":432,"sourceH":67},
"close_btn":{"x":974,"y":652,"w":46,"h":46,"offX":0,"offY":0,"sourceW":46,"sourceH":46},
"coins01":{"x":844,"y":697,"w":62,"h":26,"offX":0,"offY":0,"sourceW":62,"sourceH":26},
"coins02":{"x":780,"y":681,"w":62,"h":29,"offX":0,"offY":0,"sourceW":62,"sourceH":29},
"coins03":{"x":940,"y":600,"w":62,"h":50,"offX":0,"offY":0,"sourceW":62,"sourceH":50},
"coins04":{"x":864,"y":638,"w":52,"h":57,"offX":0,"offY":0,"sourceW":52,"sourceH":57},
"coins05":{"x":918,"y":652,"w":54,"h":45,"offX":0,"offY":0,"sourceW":54,"sourceH":45},
"coins06":{"x":780,"y":587,"w":82,"h":58,"offX":0,"offY":0,"sourceW":82,"sourceH":58},
"collect_btn_bg":{"x":726,"y":315,"w":251,"h":90,"offX":0,"offY":0,"sourceW":251,"sourceH":90},
"collect_btn":{"x":726,"y":407,"w":251,"h":89,"offX":0,"offY":0,"sourceW":251,"sourceH":89},
"db_xp":{"x":855,"y":171,"w":130,"h":70,"offX":0,"offY":0,"sourceW":130,"sourceH":70},
"dr_image":{"x":726,"y":1,"w":127,"h":312,"offX":0,"offY":0,"sourceW":127,"sourceH":312},
"en_head":{"x":340,"y":780,"w":321,"h":101,"offX":0,"offY":0,"sourceW":321,"sourceH":101},
"es_head":{"x":340,"y":677,"w":364,"h":101,"offX":0,"offY":0,"sourceW":364,"sourceH":101},
"layer_bg":{"x":1,"y":1,"w":723,"h":571,"offX":0,"offY":0,"sourceW":723,"sourceH":571},
"left_bar":{"x":855,"y":243,"w":127,"h":60,"offX":0,"offY":0,"sourceW":127,"sourceH":60},
"light1":{"x":780,"y":498,"w":138,"h":55,"offX":0,"offY":0,"sourceW":138,"sourceH":55},
"light2":{"x":726,"y":498,"w":52,"h":342,"offX":0,"offY":0,"sourceW":52,"sourceH":342},
"pt_head":{"x":340,"y":574,"w":364,"h":101,"offX":0,"offY":0,"sourceW":364,"sourceH":101},
"secure":{"x":780,"y":555,"w":165,"h":30,"offX":0,"offY":0,"sourceW":165,"sourceH":30},
"patch_offer":{"x":908,"y":700,"w":90,"h":16,"offX":0,"offY":0,"sourceW":90,"sourceH":16},
"bank_coin_big":{"x":855,"y":1,"w":168,"h":168,"offX":0,"offY":0,"sourceW":168,"sourceH":168}}}