{"file":"pachinko2Online.png","frames":{
"01":{"x":587,"y":473,"w":147,"h":142,"offX":0,"offY":0,"sourceW":147,"sourceH":142},
"02":{"x":597,"y":617,"w":146,"h":142,"offX":1,"offY":0,"sourceW":147,"sourceH":142},
"03":{"x":448,"y":623,"w":147,"h":142,"offX":0,"offY":0,"sourceW":147,"sourceH":142},
"04":{"x":736,"y":473,"w":147,"h":141,"offX":0,"offY":0,"sourceW":147,"sourceH":142},
"05":{"x":845,"y":759,"w":147,"h":141,"offX":0,"offY":0,"sourceW":147,"sourceH":142},
"06":{"x":745,"y":616,"w":147,"h":141,"offX":0,"offY":0,"sourceW":147,"sourceH":142},
"07":{"x":696,"y":761,"w":147,"h":141,"offX":0,"offY":0,"sourceW":147,"sourceH":142},
"bell":{"x":898,"y":0,"w":122,"h":145,"offX":0,"offY":0,"sourceW":122,"sourceH":145},
"bg":{"x":0,"y":0,"w":896,"h":471,"offX":0,"offY":0,"sourceW":896,"sourceH":471},
"bg_cover":{"x":332,"y":889,"w":362,"h":74,"offX":0,"offY":0,"sourceW":362,"sourceH":74},
"bg_light":{"x":0,"y":704,"w":270,"h":183,"offX":0,"offY":0,"sourceW":270,"sourceH":183},
"Bitmap11":{"x":275,"y":473,"w":160,"h":175,"offX":24,"offY":21,"sourceW":208,"sourceH":216},
"btn_close":{"x":0,"y":986,"w":34,"h":34,"offX":0,"offY":0,"sourceW":34,"sourceH":34},
"number_bg":{"x":0,"y":473,"w":273,"h":229,"offX":0,"offY":0,"sourceW":273,"sourceH":229},
"plus":{"x":275,"y":650,"w":36,"h":38,"offX":0,"offY":0,"sourceW":36,"sourceH":38},
"red_ball":{"x":845,"y":902,"w":119,"h":120,"offX":0,"offY":0,"sourceW":119,"sourceH":120},
"wheel11":{"x":272,"y":704,"w":174,"h":183,"offX":0,"offY":0,"sourceW":174,"sourceH":183},
"wheel_center":{"x":437,"y":473,"w":148,"h":148,"offX":0,"offY":0,"sourceW":148,"sourceH":148},
"title":{"x":0,"y":889,"w":330,"h":95,"offX":0,"offY":0,"sourceW":330,"sourceH":95}}}