{"mc":{
	"pachinko2Light":{
		"frameRate":24,
		"events":[
			
			],
		"frames":[
			
			{
			"res":"6855CE99",
			"x":0,
			"y":0,
			"duration":6
			},
			{
			"res":"8F8FD7C5",
			"x":0,
			"y":2,
			"duration":6
			}
			]
},"cat":{
		"frameRate":24,
		"events":[
			
			],
		"frames":[
			
			{
			"res":"70860C5A",
			"x":1,
			"y":0,
			"duration":9
			},
			{
			"res":"A8822B88",
			"x":0,
			"y":0,
			"duration":9
			}
			]
}},
	"res":{
		"6855CE99":{"x":0,"y":251,"w":289,"h":244},
		"70860C5A":{"x":235,"y":497,"w":232,"h":302},
		"8F8FD7C5":{"x":0,"y":0,"w":289,"h":249},
		"A8822B88":{"x":0,"y":497,"w":233,"h":302}
	}}